{
    "args": "Namespace(model='FacebookAI/xlm-roberta-large', pre_base_hf_dataset='./datasets/universal_ner/da_ddt', pre_base_hf_dataset_sample_size=None, pre_base_lang='da', organic_hf_dataset='./datasets/universal_ner/sv_talbanken', organic_hf_dataset_sample_size=None, target_lang='sv', synthetic_data_path='unimelb-nlp/wikiann', synthetic_data_lang='sv', random_seed=3535, results_directory='./results/', results_tag='uniner_vs_wikiann_sv')",
    "pre_training": {
        "eval_loss": 0.0466424860060215,
        "eval_precision": 0.8846153846153846,
        "eval_recall": 0.8747203579418344,
        "eval_f1": 0.8796400449943756,
        "eval_accuracy": 0.9903222588047491,
        "eval_runtime": 8.2174,
        "eval_samples_per_second": 68.756,
        "eval_steps_per_second": 4.381,
        "epoch": 5.0
    },
    "zero-shot": {
        "eval_loss": 0.015885088592767715,
        "eval_precision": 0.8071748878923767,
        "eval_recall": 0.9183673469387755,
        "eval_f1": 0.8591885441527447,
        "eval_accuracy": 0.997202728566521,
        "eval_runtime": 9.969,
        "eval_samples_per_second": 122.279,
        "eval_steps_per_second": 7.724,
        "epoch": 5.0
    },
    "organic_ft": {
        "eval_loss": 0.010305197909474373,
        "eval_precision": 0.8544600938967136,
        "eval_recall": 0.9285714285714286,
        "eval_f1": 0.8899755501222494,
        "eval_accuracy": 0.9975953280659567,
        "eval_runtime": 6.9721,
        "eval_samples_per_second": 174.839,
        "eval_steps_per_second": 11.044,
        "epoch": 5.0
    },
    "synthetic_ft": {
        "eval_loss": 0.16675707697868347,
        "eval_precision": 0.17969661610268378,
        "eval_recall": 0.7857142857142857,
        "eval_f1": 0.2924976258309592,
        "eval_accuracy": 0.9556362565637729,
        "eval_runtime": 9.9317,
        "eval_samples_per_second": 122.738,
        "eval_steps_per_second": 7.753,
        "epoch": 5.0
    },
    "organic_only": {
        "eval_loss": 0.009279164485633373,
        "eval_precision": 0.8543689320388349,
        "eval_recall": 0.8979591836734694,
        "eval_f1": 0.8756218905472637,
        "eval_accuracy": 0.9979388526279629,
        "eval_runtime": 12.9683,
        "eval_samples_per_second": 93.998,
        "eval_steps_per_second": 5.938,
        "epoch": 10.0
    },
    "synthetic_only": {
        "eval_loss": 0.18547289073467255,
        "eval_precision": 0.22323759791122716,
        "eval_recall": 0.8724489795918368,
        "eval_f1": 0.35550935550935553,
        "eval_accuracy": 0.9585316778721107,
        "eval_runtime": 6.9427,
        "eval_samples_per_second": 175.58,
        "eval_steps_per_second": 11.091,
        "epoch": 10.0
    }
}