{
    "args": "Namespace(model='FacebookAI/xlm-roberta-large', pre_base_hf_dataset='ai4bharat/naamapadam', pre_base_hf_dataset_sample_size=5000, pre_base_lang='ta', organic_hf_dataset='ai4bharat/naamapadam', organic_hf_dataset_sample_size=10000, target_lang='ml', synthetic_data_path='unimelb-nlp/wikiann', synthetic_data_lang='ml', random_seed=3535, results_directory='./results/wikiann_evaluations', results_tag='ai4b_vs_wikiann_ml')",
    "pre_training": {
        "eval_loss": 0.23286518454551697,
        "eval_precision": 0.7208918249380677,
        "eval_recall": 0.7417162276975361,
        "eval_f1": 0.7311557788944724,
        "eval_accuracy": 0.9251286359340544,
        "eval_runtime": 9.8456,
        "eval_samples_per_second": 76.988,
        "eval_steps_per_second": 4.875,
        "epoch": 5.0
    },
    "zero-shot": {
        "eval_loss": 0.2058495581150055,
        "eval_precision": 0.8384718498659517,
        "eval_recall": 0.8312292358803987,
        "eval_f1": 0.8348348348348348,
        "eval_accuracy": 0.9395359737520507,
        "eval_runtime": 3.4364,
        "eval_samples_per_second": 283.438,
        "eval_steps_per_second": 17.751,
        "epoch": 5.0
    },
    "organic_ft": {
        "eval_loss": 0.23774971067905426,
        "eval_precision": 0.8352860096485183,
        "eval_recall": 0.8053156146179402,
        "eval_f1": 0.8200270635994588,
        "eval_accuracy": 0.9330911647527537,
        "eval_runtime": 3.4429,
        "eval_samples_per_second": 282.898,
        "eval_steps_per_second": 17.717,
        "epoch": 5.0
    },
    "synthetic_ft": {
        "eval_loss": 0.32327505946159363,
        "eval_precision": 0.7528931245745405,
        "eval_recall": 0.7348837209302326,
        "eval_f1": 0.7437794216543376,
        "eval_accuracy": 0.9015701898289196,
        "eval_runtime": 6.6959,
        "eval_samples_per_second": 145.463,
        "eval_steps_per_second": 9.11,
        "epoch": 5.0
    },
    "organic_only": {
        "eval_loss": 0.22504639625549316,
        "eval_precision": 0.800392670157068,
        "eval_recall": 0.812624584717608,
        "eval_f1": 0.806462248598747,
        "eval_accuracy": 0.9286383876259667,
        "eval_runtime": 3.447,
        "eval_samples_per_second": 282.568,
        "eval_steps_per_second": 17.697,
        "epoch": 10.0
    },
    "synthetic_only": {
        "eval_loss": 0.409123957157135,
        "eval_precision": 0.6477946017116524,
        "eval_recall": 0.6538205980066445,
        "eval_f1": 0.6507936507936507,
        "eval_accuracy": 0.8823529411764706,
        "eval_runtime": 3.3928,
        "eval_samples_per_second": 287.078,
        "eval_steps_per_second": 17.979,
        "epoch": 10.0
    }
}