{
    "args": "Namespace(model='FacebookAI/xlm-roberta-large', pre_base_hf_dataset='masakhane/masakhaner2', pre_base_hf_dataset_sample_size=None, pre_base_lang='yor', organic_hf_dataset='masakhane/masakhaner2', organic_hf_dataset_sample_size=100, target_lang='ibo', synthetic_data_path='unimelb-nlp/wikiann', synthetic_data_lang='ig', random_seed=3535, results_directory='./results/', results_tag='masakhaner_vs_wikiann_ibo')",
    "pre_training": {
        "eval_loss": 0.05904419347643852,
        "eval_precision": 0.8275035936751318,
        "eval_recall": 0.8596316575410652,
        "eval_f1": 0.8432617187500001,
        "eval_accuracy": 0.9845793266598033,
        "eval_runtime": 19.9792,
        "eval_samples_per_second": 98.302,
        "eval_steps_per_second": 6.156,
        "epoch": 5.0
    },
    "zero-shot": {
        "eval_loss": 0.2851605713367462,
        "eval_precision": 0.5530871321407963,
        "eval_recall": 0.5914841098426412,
        "eval_f1": 0.5716415685105115,
        "eval_accuracy": 0.9517144369237626,
        "eval_runtime": 14.5805,
        "eval_samples_per_second": 149.583,
        "eval_steps_per_second": 9.396,
        "epoch": 5.0
    },
    "organic_ft": {
        "eval_loss": 0.13675753772258759,
        "eval_precision": 0.7725552050473186,
        "eval_recall": 0.7556309780931811,
        "eval_f1": 0.7639993760723756,
        "eval_accuracy": 0.9711289379125929,
        "eval_runtime": 17.5759,
        "eval_samples_per_second": 124.091,
        "eval_steps_per_second": 7.795,
        "epoch": 5.0
    },
    "synthetic_ft": {
        "eval_loss": 0.23074252903461456,
        "eval_precision": 0.5632725132430841,
        "eval_recall": 0.2952792348040728,
        "eval_f1": 0.3874493927125506,
        "eval_accuracy": 0.9473273724965878,
        "eval_runtime": 17.5904,
        "eval_samples_per_second": 123.988,
        "eval_steps_per_second": 7.788,
        "epoch": 5.0
    },
    "organic_only": {
        "eval_loss": 0.24170827865600586,
        "eval_precision": 0.3730998017184402,
        "eval_recall": 0.34834927491514966,
        "eval_f1": 0.3602999840434019,
        "eval_accuracy": 0.9437480850115596,
        "eval_runtime": 20.5849,
        "eval_samples_per_second": 105.951,
        "eval_steps_per_second": 6.655,
        "epoch": 10.0
    },
    "synthetic_only": {
        "eval_loss": 0.40603893995285034,
        "eval_precision": 0.08496732026143791,
        "eval_recall": 0.004011107682813947,
        "eval_f1": 0.007660577489687685,
        "eval_accuracy": 0.9205593158964931,
        "eval_runtime": 17.6203,
        "eval_samples_per_second": 123.777,
        "eval_steps_per_second": 7.775,
        "epoch": 10.0
    }
}